Date,Close,Volume,Daily_Return_Pct,Year,Month,DayOfWeek,Quarter
2020-01-03 00:00:00,29.53,266677500.0,2.963,2020,1,4,1
2020-01-06 00:00:00,30.1,151995000.0,1.925,2020,1,0,1
2020-01-07 00:00:00,31.27,268231500.0,3.88,2020,1,1,1
2020-01-08 00:00:00,32.81,467164500.0,4.92,2020,1,2,1
2020-01-09 00:00:00,32.09,426606000.0,-2.195,2020,1,3,1
2020-01-10 00:00:00,31.88,194392500.0,-0.663,2020,1,4,1
2020-01-13 00:00:00,34.99,397764000.0,9.769,2020,1,0,1
2020-01-14 00:00:00,35.86,434943000.0,2.488,2020,1,1,1
2020-01-15 00:00:00,34.57,260532000.0,-3.61,2020,1,2,1
2020-01-16 00:00:00,34.23,326050500.0,-0.966,2020,1,3,1
2020-01-17 00:00:00,34.03,204436500.0,-0.582,2020,1,4,1
2020-01-21 00:00:00,36.48,267052500.0,7.189,2020,1,1,1
2020-01-22 00:00:00,37.97,470535000.0,4.086,2020,1,2,1
2020-01-23 00:00:00,38.15,294765000.0,0.464,2020,1,3,1
2020-01-24 00:00:00,37.65,215304000.0,-1.29,2020,1,4,1
2020-01-27 00:00:00,37.2,204121500.0,-1.204,2020,1,0,1
2020-01-28 00:00:00,37.79,176827500.0,1.591,2020,1,1,1
2020-01-29 00:00:00,38.73,267022500.0,2.485,2020,1,2,1
2020-01-30 00:00:00,42.72,435085500.0,10.296,2020,1,3,1
2020-01-31 00:00:00,43.37,235789500.0,1.523,2020,1,4,1
2020-02-03 00:00:00,52.0,705975000.0,19.895,2020,2,0,1
2020-02-04 00:00:00,59.14,914082000.0,13.726,2020,2,1,1
2020-02-05 00:00:00,48.98,726357000.0,-17.176,2020,2,2,1
2020-02-06 00:00:00,49.93,598212000.0,1.941,2020,2,3,1
2020-02-07 00:00:00,49.87,255952500.0,-0.119,2020,2,4,1
2020-02-10 00:00:00,51.42,370338000.0,3.103,2020,2,0,1
2020-02-11 00:00:00,51.63,175462500.0,0.402,2020,2,1,1
2020-02-12 00:00:00,51.15,180337500.0,-0.916,2020,2,2,1
2020-02-13 00:00:00,53.6,394339500.0,4.784,2020,2,3,1
2020-02-14 00:00:00,53.34,235405500.0,-0.494,2020,2,4,1
2020-02-18 00:00:00,57.23,245725500.0,7.296,2020,2,1,1
2020-02-19 00:00:00,61.16,381345000.0,6.876,2020,2,2,1
2020-02-20 00:00:00,59.96,264523500.0,-1.963,2020,2,3,1
2020-02-21 00:00:00,60.07,214722000.0,0.177,2020,2,4,1
2020-02-24 00:00:00,55.59,227883000.0,-7.459,2020,2,0,1
2020-02-25 00:00:00,53.33,259357500.0,-4.063,2020,2,1,1
2020-02-26 00:00:00,51.92,211282500.0,-2.639,2020,2,2,1
2020-02-27 00:00:00,45.27,364158000.0,-12.815,2020,2,3,1
2020-02-28 00:00:00,44.53,363343500.0,-1.622,2020,2,4,1
2020-03-02 00:00:00,49.57,302925000.0,11.322,2020,3,0,1
2020-03-03 00:00:00,49.7,386760000.0,0.254,2020,3,1,1
2020-03-04 00:00:00,49.97,225735000.0,0.535,2020,3,2,1
2020-03-05 00:00:00,48.3,162790500.0,-3.33,2020,3,3,1
2020-03-06 00:00:00,46.9,189943500.0,-2.907,2020,3,4,1
2020-03-09 00:00:00,40.53,256105500.0,-13.573,2020,3,0,1
2020-03-10 00:00:00,43.02,233916000.0,6.14,2020,3,1,1
2020-03-11 00:00:00,42.28,199837500.0,-1.72,2020,3,2,1
2020-03-12 00:00:00,37.37,283636500.0,-11.617,2020,3,3,1
2020-03-13 00:00:00,36.44,339604500.0,-2.485,2020,3,4,1
2020-03-16 00:00:00,29.67,307342500.0,-18.578,2020,3,0,1
2020-03-17 00:00:00,28.68,359919000.0,-3.341,2020,3,1,1
2020-03-18 00:00:00,24.08,356793000.0,-16.034,2020,3,2,1
2020-03-19 00:00:00,28.51,452932500.0,18.388,2020,3,3,1
2020-03-20 00:00:00,28.5,424282500.0,-0.026,2020,3,4,1
2020-03-23 00:00:00,28.95,246817500.0,1.581,2020,3,0,1
2020-03-24 00:00:00,33.67,343428000.0,16.282,2020,3,1,1
2020-03-25 00:00:00,35.95,318340500.0,6.782,2020,3,2,1
2020-03-26 00:00:00,35.21,260710500.0,-2.057,2020,3,3,1
2020-03-27 00:00:00,34.29,215661000.0,-2.613,2020,3,4,1
2020-03-30 00:00:00,33.48,179971500.0,-2.378,2020,3,0,1
2020-03-31 00:00:00,34.93,266572500.0,4.355,2020,3,1,1
2020-04-01 00:00:00,32.1,200298000.0,-8.099,2020,4,2,2
2020-04-02 00:00:00,30.3,297876000.0,-5.625,2020,4,3,2
2020-04-03 00:00:00,32.0,338431500.0,5.62,2020,4,4,2
2020-04-06 00:00:00,34.42,223527000.0,7.548,2020,4,0,2
2020-04-07 00:00:00,36.36,268797000.0,5.658,2020,4,1,2
2020-04-08 00:00:00,36.59,189840000.0,0.621,2020,4,2,2
2020-04-09 00:00:00,38.2,204750000.0,4.402,2020,4,3,2
2020-04-13 00:00:00,43.4,337131000.0,13.604,2020,4,0,2
2020-04-14 00:00:00,47.33,458647500.0,9.054,2020,4,1,2
2020-04-15 00:00:00,48.66,353655000.0,2.809,2020,4,2,2
2020-04-16 00:00:00,49.68,309868500.0,2.107,2020,4,3,2
2020-04-17 00:00:00,50.26,196923000.0,1.165,2020,4,4,2
2020-04-20 00:00:00,49.76,221199000.0,-0.999,2020,4,0,2
2020-04-21 00:00:00,45.78,303136500.0,-7.991,2020,4,1,2
2020-04-22 00:00:00,48.81,212482500.0,6.61,2020,4,2,2
2020-04-23 00:00:00,47.04,198550500.0,-3.617,2020,4,3,2
2020-04-24 00:00:00,48.34,198180000.0,2.766,2020,4,4,2
2020-04-27 00:00:00,53.25,310221000.0,10.15,2020,4,0,2
2020-04-28 00:00:00,51.27,228330000.0,-3.71,2020,4,1,2
2020-04-29 00:00:00,53.37,243240000.0,4.081,2020,4,2,2
2020-04-30 00:00:00,52.13,427078500.0,-2.327,2020,4,3,2
2020-05-01 00:00:00,46.75,487977000.0,-10.303,2020,5,4,2
2020-05-04 00:00:00,50.75,288556500.0,8.537,2020,5,0,2
2020-05-05 00:00:00,51.21,254875500.0,0.922,2020,5,1,2
2020-05-06 00:00:00,52.17,166848000.0,1.871,2020,5,2,2
2020-05-07 00:00:00,52.0,172915500.0,-0.325,2020,5,3,2
2020-05-08 00:00:00,54.63,241297500.0,5.048,2020,5,4,2
2020-05-11 00:00:00,54.09,247794000.0,-0.992,2020,5,0,2
2020-05-12 00:00:00,53.96,238603500.0,-0.232,2020,5,1,2
2020-05-13 00:00:00,52.73,285982500.0,-2.279,2020,5,2,2
2020-05-14 00:00:00,53.56,205233000.0,1.564,2020,5,3,2
2020-05-15 00:00:00,53.28,157776000.0,-0.518,2020,5,4,2
2020-05-18 00:00:00,54.24,174987000.0,1.809,2020,5,0,2
2020-05-19 00:00:00,53.87,144547500.0,-0.691,2020,5,1,2
2020-05-20 00:00:00,54.37,109639500.0,0.934,2020,5,2,2
2020-05-21 00:00:00,55.17,183819000.0,1.476,2020,5,3,2
2020-05-22 00:00:00,54.46,149812500.0,-1.295,2020,5,4,2
2020-05-26 00:00:00,54.59,121345500.0,0.244,2020,5,1,2
2020-05-27 00:00:00,54.68,173242500.0,0.166,2020,5,2,2
2020-05-28 00:00:00,53.72,108834000.0,-1.758,2020,5,3,2
2020-05-29 00:00:00,55.67,176467500.0,3.622,2020,5,4,2
2020-06-01 00:00:00,59.87,224092500.0,7.557,2020,6,0,2
2020-06-02 00:00:00,58.77,203484000.0,-1.842,2020,6,1,2
2020-06-03 00:00:00,58.86,119242500.0,0.159,2020,6,2,2
2020-06-04 00:00:00,57.63,133315500.0,-2.104,2020,6,3,2
2020-06-05 00:00:00,59.04,117178500.0,2.462,2020,6,4,2
2020-06-08 00:00:00,63.33,212620500.0,7.256,2020,6,0,2
2020-06-09 00:00:00,62.71,170823000.0,-0.974,2020,6,1,2
2020-06-10 00:00:00,68.34,278451000.0,8.97,2020,6,2,2
2020-06-11 00:00:00,64.86,238747500.0,-5.093,2020,6,3,2
2020-06-12 00:00:00,62.35,251451000.0,-3.861,2020,6,4,2
2020-06-15 00:00:00,66.06,235458000.0,5.947,2020,6,0,2
2020-06-16 00:00:00,65.48,210766500.0,-0.885,2020,6,1,2
2020-06-17 00:00:00,66.12,148362000.0,0.984,2020,6,2,2
2020-06-18 00:00:00,66.93,146278500.0,1.227,2020,6,3,2
2020-06-19 00:00:00,66.73,130195500.0,-0.305,2020,6,4,2
2020-06-22 00:00:00,66.29,95436000.0,-0.657,2020,6,0,2
2020-06-23 00:00:00,66.79,95479500.0,0.75,2020,6,1,2
2020-06-24 00:00:00,64.06,164394000.0,-4.086,2020,6,2,2
2020-06-25 00:00:00,65.73,138817500.0,2.615,2020,6,3,2
2020-06-26 00:00:00,63.98,132823500.0,-2.661,2020,6,4,2
2020-06-29 00:00:00,67.29,135396000.0,5.169,2020,6,0,2
2020-06-30 00:00:00,71.99,253777500.0,6.981,2020,6,1,2
2020-07-01 00:00:00,74.64,199903500.0,3.688,2020,7,2,3
2020-07-02 00:00:00,80.58,258751500.0,7.952,2020,7,3,3
2020-07-06 00:00:00,91.44,308548500.0,13.479,2020,7,0,3
2020-07-07 00:00:00,92.66,322345500.0,1.333,2020,7,1,3
2020-07-08 00:00:00,91.06,244669500.0,-1.725,2020,7,2,3
2020-07-09 00:00:00,92.95,175764000.0,2.079,2020,7,3,3
2020-07-10 00:00:00,102.98,350064000.0,10.785,2020,7,4,3
2020-07-13 00:00:00,99.8,584781000.0,-3.081,2020,7,0,3
2020-07-14 00:00:00,101.12,351271500.0,1.319,2020,7,1,3
2020-07-15 00:00:00,103.07,245517000.0,1.926,2020,7,2,3
2020-07-16 00:00:00,100.04,214512000.0,-2.935,2020,7,3,3
2020-07-17 00:00:00,100.06,139950000.0,0.013,2020,7,4,3
2020-07-20 00:00:00,109.53,256821000.0,9.472,2020,7,0,3
2020-07-21 00:00:00,104.56,241608000.0,-4.543,2020,7,1,3
2020-07-22 00:00:00,106.16,212416500.0,1.528,2020,7,2,3
2020-07-23 00:00:00,100.87,364927500.0,-4.978,2020,7,3,3
2020-07-24 00:00:00,94.47,290949000.0,-6.349,2020,7,4,3
2020-07-27 00:00:00,102.64,240730500.0,8.652,2020,7,0,3
2020-07-28 00:00:00,98.43,237130500.0,-4.099,2020,7,1,3
2020-07-29 00:00:00,99.94,141403500.0,1.532,2020,7,2,3
2020-07-30 00:00:00,99.17,114315000.0,-0.775,2020,7,3,3
2020-07-31 00:00:00,95.38,183123000.0,-3.814,2020,7,4,3
2020-08-03 00:00:00,99.0,132139500.0,3.791,2020,8,0,3
2020-08-04 00:00:00,99.13,126225000.0,0.135,2020,8,1,3
2020-08-05 00:00:00,99.0,74217000.0,-0.133,2020,8,2,3
2020-08-06 00:00:00,99.31,89884500.0,0.307,2020,8,3,3
2020-08-07 00:00:00,96.85,133446000.0,-2.475,2020,8,4,3
2020-08-10 00:00:00,94.57,112834500.0,-2.35,2020,8,0,3
2020-08-11 00:00:00,91.63,129387000.0,-3.114,2020,8,1,3
2020-08-12 00:00:00,103.65,327441000.0,13.124,2020,8,2,3
2020-08-13 00:00:00,108.07,306379500.0,4.26,2020,8,3,3
2020-08-14 00:00:00,110.05,188664000.0,1.833,2020,8,4,3
2020-08-17 00:00:00,122.38,303634500.0,11.203,2020,8,0,3
2020-08-18 00:00:00,125.81,247117500.0,2.803,2020,8,1,3
2020-08-19 00:00:00,125.24,183079500.0,-0.454,2020,8,2,3
2020-08-20 00:00:00,133.46,309177000.0,6.564,2020,8,3,3
2020-08-21 00:00:00,136.67,322344000.0,2.405,2020,8,4,3
2020-08-24 00:00:00,134.28,300954000.0,-1.745,2020,8,0,3
2020-08-25 00:00:00,134.89,159883500.0,0.454,2020,8,1,3
2020-08-26 00:00:00,143.54,213591000.0,6.417,2020,8,2,3
2020-08-27 00:00:00,149.25,355395000.0,3.975,2020,8,3,3
2020-08-28 00:00:00,147.56,301218000.0,-1.132,2020,8,4,3
2020-08-31 00:00:00,166.11,355123200.0,12.569,2020,8,0,3
2020-09-01 00:00:00,158.35,269523300.0,-4.67,2020,9,1,3
2020-09-02 00:00:00,149.12,288528300.0,-5.827,2020,9,2,3
2020-09-03 00:00:00,135.67,262788300.0,-9.024,2020,9,3,3
2020-09-04 00:00:00,139.44,330965700.0,2.781,2020,9,4,3
2020-09-08 00:00:00,110.07,346397100.0,-21.063,2020,9,1,3
2020-09-09 00:00:00,122.09,238397400.0,10.923,2020,9,2,3
2020-09-10 00:00:00,123.78,254791800.0,1.381,2020,9,3,3
2020-09-11 00:00:00,124.24,182152500.0,0.372,2020,9,4,3
2020-09-14 00:00:00,139.87,249061800.0,12.583,2020,9,0,3
2020-09-15 00:00:00,149.92,291894600.0,7.183,2020,9,1,3
2020-09-16 00:00:00,147.25,216837900.0,-1.779,2020,9,2,3
2020-09-17 00:00:00,141.14,230337600.0,-4.149,2020,9,3,3
2020-09-18 00:00:00,147.38,259220400.0,4.421,2020,9,4,3
2020-09-21 00:00:00,149.8,328430400.0,1.637,2020,9,0,3
2020-09-22 00:00:00,141.41,238742400.0,-5.599,2020,9,1,3
2020-09-23 00:00:00,126.79,285222600.0,-10.341,2020,9,2,3
2020-09-24 00:00:00,129.26,289683300.0,1.953,2020,9,3,3
2020-09-25 00:00:00,135.78,201625500.0,5.041,2020,9,4,3
2020-09-28 00:00:00,140.4,149158800.0,3.403,2020,9,0,3
2020-09-29 00:00:00,139.69,150657900.0,-0.506,2020,9,1,3
2020-09-30 00:00:00,143.0,144436800.0,2.372,2020,9,2,3
2020-10-01 00:00:00,149.39,152224500.0,4.464,2020,10,3,4
2020-10-02 00:00:00,138.36,214290000.0,-7.379,2020,10,4,4
2020-10-05 00:00:00,141.89,134168400.0,2.551,2020,10,0,4
2020-10-06 00:00:00,137.99,147438900.0,-2.749,2020,10,1,4
2020-10-07 00:00:00,141.77,129383100.0,2.734,2020,10,2,4
2020-10-08 00:00:00,141.97,121263300.0,0.146,2020,10,3,4
2020-10-09 00:00:00,144.67,86777100.0,1.897,2020,10,4,4
2020-10-12 00:00:00,147.43,116373300.0,1.912,2020,10,0,4
2020-10-13 00:00:00,148.88,103391100.0,0.983,2020,10,1,4
2020-10-14 00:00:00,153.77,143639100.0,3.28,2020,10,2,4
2020-10-15 00:00:00,149.63,107017200.0,-2.692,2020,10,3,4
2020-10-16 00:00:00,146.56,98327700.0,-2.052,2020,10,4,4
2020-10-19 00:00:00,143.61,108863400.0,-2.011,2020,10,0,4
2020-10-20 00:00:00,140.65,94968900.0,-2.063,2020,10,1,4
2020-10-21 00:00:00,140.88,97111500.0,0.166,2020,10,2,4
2020-10-22 00:00:00,141.93,119979600.0,0.745,2020,10,3,4
2020-10-23 00:00:00,140.21,101151000.0,-1.212,2020,10,4,4
2020-10-26 00:00:00,140.09,84717600.0,-0.083,2020,10,0,4
2020-10-27 00:00:00,141.56,68059500.0,1.047,2020,10,1,4
2020-10-28 00:00:00,135.34,76354200.0,-4.394,2020,10,2,4
2020-10-29 00:00:00,136.94,67965900.0,1.185,2020,10,3,4
2020-10-30 00:00:00,129.35,127533900.0,-5.547,2020,10,4,4
2020-11-02 00:00:00,133.5,87063300.0,3.214,2020,11,0,4
2020-11-03 00:00:00,141.3,103055100.0,5.84,2020,11,1,4
2020-11-04 00:00:00,140.33,96429300.0,-0.689,2020,11,2,4
2020-11-05 00:00:00,146.03,85243500.0,4.064,2020,11,3,4
2020-11-06 00:00:00,143.32,65118000.0,-1.858,2020,11,4,4
2020-11-09 00:00:00,140.42,104499000.0,-2.021,2020,11,0,4
2020-11-10 00:00:00,136.79,90852600.0,-2.587,2020,11,1,4
2020-11-11 00:00:00,139.04,52073100.0,1.65,2020,11,2,4
2020-11-12 00:00:00,137.25,59565300.0,-1.287,2020,11,3,4
2020-11-13 00:00:00,136.17,59313300.0,-0.792,2020,11,4,4
2020-11-16 00:00:00,136.03,80515800.0,-0.1,2020,11,0,4
2020-11-17 00:00:00,147.2,183564900.0,8.214,2020,11,1,4
2020-11-18 00:00:00,162.21,234132000.0,10.197,2020,11,2,4
2020-11-19 00:00:00,166.42,187425900.0,2.595,2020,11,3,4
2020-11-20 00:00:00,163.2,98735700.0,-1.935,2020,11,4,4
2020-11-23 00:00:00,173.95,150780900.0,6.585,2020,11,0,4
2020-11-24 00:00:00,185.13,160945500.0,6.425,2020,11,1,4
2020-11-25 00:00:00,191.33,146790600.0,3.353,2020,11,2,4
2020-11-27 00:00:00,195.25,112683300.0,2.049,2020,11,4,4
2020-11-30 00:00:00,189.2,189009300.0,-3.1,2020,11,0,4
2020-12-01 00:00:00,194.92,120310500.0,3.023,2020,12,1,4
2020-12-02 00:00:00,189.61,143327100.0,-2.726,2020,12,2,4
2020-12-03 00:00:00,197.79,127656000.0,4.318,2020,12,3,4
2020-12-04 00:00:00,199.68,88203900.0,0.954,2020,12,4,4
2020-12-07 00:00:00,213.92,168929100.0,7.131,2020,12,0,4
2020-12-08 00:00:00,216.63,192795000.0,1.265,2020,12,1,4
2020-12-09 00:00:00,201.49,213873600.0,-6.986,2020,12,2,4
2020-12-10 00:00:00,209.02,201249600.0,3.737,2020,12,3,4
2020-12-11 00:00:00,203.33,139425000.0,-2.724,2020,12,4,4
2020-12-14 00:00:00,213.28,156121800.0,4.892,2020,12,0,4
2020-12-15 00:00:00,211.08,135214500.0,-1.028,2020,12,1,4
2020-12-16 00:00:00,207.59,126287400.0,-1.655,2020,12,2,4
2020-12-17 00:00:00,218.63,168810300.0,5.32,2020,12,3,4
2020-12-18 00:00:00,231.67,666378600.0,5.961,2020,12,4,4
2020-12-21 00:00:00,216.62,174135900.0,-6.495,2020,12,0,4
2020-12-22 00:00:00,213.45,155148000.0,-1.465,2020,12,1,4
2020-12-23 00:00:00,215.33,99519000.0,0.881,2020,12,2,4
2020-12-24 00:00:00,220.59,68596800.0,2.444,2020,12,3,4
2020-12-28 00:00:00,221.23,96835800.0,0.29,2020,12,0,4
2020-12-29 00:00:00,222.0,68732400.0,0.347,2020,12,1,4
2020-12-30 00:00:00,231.59,128538000.0,4.323,2020,12,2,4
2020-12-31 00:00:00,235.22,148949700.0,1.567,2020,12,3,4
2021-01-04 00:00:00,243.26,145914600.0,3.415,2021,1,0,1
2021-01-05 00:00:00,245.04,96735600.0,0.732,2021,1,1,1
2021-01-06 00:00:00,251.99,134100000.0,2.839,2021,1,2,1
2021-01-07 00:00:00,272.01,154496700.0,7.945,2021,1,3,1
2021-01-08 00:00:00,293.34,225166500.0,7.84,2021,1,4,1
2021-01-11 00:00:00,270.4,177904800.0,-7.821,2021,1,0,1
2021-01-12 00:00:00,283.15,138812100.0,4.715,2021,1,1,1
2021-01-13 00:00:00,284.8,99937500.0,0.585,2021,1,2,1
2021-01-14 00:00:00,281.67,93798900.0,-1.101,2021,1,3,1
2021-01-15 00:00:00,275.39,116332800.0,-2.23,2021,1,4,1
2021-01-19 00:00:00,281.52,76101000.0,2.226,2021,1,1,1
2021-01-20 00:00:00,283.48,76997700.0,0.699,2021,1,2,1
2021-01-21 00:00:00,281.66,61563300.0,-0.642,2021,1,3,1
2021-01-22 00:00:00,282.21,60199500.0,0.195,2021,1,4,1
2021-01-25 00:00:00,293.6,123520200.0,4.035,2021,1,0,1
2021-01-26 00:00:00,294.36,69394800.0,0.26,2021,1,1,1
2021-01-27 00:00:00,288.05,82002000.0,-2.144,2021,1,2,1
2021-01-28 00:00:00,278.48,79134000.0,-3.325,2021,1,3,1
2021-01-29 00:00:00,264.51,104972400.0,-5.015,2021,1,4,1
2021-02-01 00:00:00,279.94,76174200.0,5.832,2021,2,0,1
2021-02-02 00:00:00,290.93,73038600.0,3.927,2021,2,1,1
2021-02-03 00:00:00,284.9,55030500.0,-2.074,2021,2,2,1
2021-02-04 00:00:00,283.33,47438100.0,-0.55,2021,2,3,1
2021-02-05 00:00:00,284.08,55699800.0,0.264,2021,2,4,1
2021-02-08 00:00:00,287.81,60485100.0,1.313,2021,2,0,1
2021-02-09 00:00:00,283.15,45473100.0,-1.617,2021,2,1,1
2021-02-10 00:00:00,268.27,108648300.0,-5.255,2021,2,2,1
2021-02-11 00:00:00,270.55,64868400.0,0.85,2021,2,3,1
2021-02-12 00:00:00,272.04,71304900.0,0.549,2021,2,4,1
2021-02-16 00:00:00,265.41,59406900.0,-2.438,2021,2,1,1
2021-02-17 00:00:00,266.05,77989500.0,0.242,2021,2,2,1
2021-02-18 00:00:00,262.46,53871300.0,-1.349,2021,2,3,1
2021-02-19 00:00:00,260.43,56874900.0,-0.772,2021,2,4,1
2021-02-22 00:00:00,238.17,111809100.0,-8.55,2021,2,0,1
2021-02-23 00:00:00,232.95,199820700.0,-2.192,2021,2,1,1
2021-02-24 00:00:00,247.34,110301000.0,6.179,2021,2,2,1
2021-02-25 00:00:00,227.41,117071700.0,-8.059,2021,2,3,1
2021-02-26 00:00:00,225.17,123267600.0,-0.985,2021,2,4,1
2021-03-01 00:00:00,239.48,81408600.0,6.355,2021,3,0,1
2021-03-02 00:00:00,228.81,71196600.0,-4.453,2021,3,1,1
2021-03-03 00:00:00,217.73,90624000.0,-4.842,2021,3,2,1
2021-03-04 00:00:00,207.15,197758500.0,-4.862,2021,3,3,1
2021-03-05 00:00:00,199.32,268189500.0,-3.78,2021,3,4,1
2021-03-08 00:00:00,187.67,155361000.0,-5.845,2021,3,0,1
2021-03-09 00:00:00,224.53,202569900.0,19.641,2021,3,1,1
2021-03-10 00:00:00,222.69,181817100.0,-0.82,2021,3,2,1
2021-03-11 00:00:00,233.2,108761700.0,4.721,2021,3,3,1
2021-03-12 00:00:00,231.24,100751400.0,-0.839,2021,3,4,1
2021-03-15 00:00:00,235.98,88006800.0,2.048,2021,3,0,1
2021-03-16 00:00:00,225.63,96587100.0,-4.387,2021,3,1,1
2021-03-17 00:00:00,233.94,121117500.0,3.683,2021,3,2,1
2021-03-18 00:00:00,217.72,99674400.0,-6.932,2021,3,3,1
2021-03-19 00:00:00,218.29,128682000.0,0.262,2021,3,4,1
2021-03-22 00:00:00,223.33,118536600.0,2.31,2021,3,0,1
2021-03-23 00:00:00,220.72,91475700.0,-1.17,2021,3,1,1
2021-03-24 00:00:00,210.09,101385600.0,-4.816,2021,3,2,1
2021-03-25 00:00:00,213.46,117674700.0,1.606,2021,3,3,1
2021-03-26 00:00:00,206.24,101558400.0,-3.385,2021,3,4,1
2021-03-29 00:00:00,203.76,85911000.0,-1.199,2021,3,0,1
2021-03-30 00:00:00,211.87,118297200.0,3.98,2021,3,1,1
2021-03-31 00:00:00,222.64,100011900.0,5.083,2021,3,2,1
2021-04-01 00:00:00,220.58,105895200.0,-0.925,2021,4,3,2
2021-04-05 00:00:00,230.35,125528400.0,4.428,2021,4,0,2
2021-04-06 00:00:00,230.54,84815400.0,0.082,2021,4,1,2
2021-04-07 00:00:00,223.66,78928200.0,-2.986,2021,4,2,2
2021-04-08 00:00:00,227.93,71772900.0,1.912,2021,4,3,2
2021-04-09 00:00:00,225.67,64311300.0,-0.992,2021,4,4,2
2021-04-12 00:00:00,233.99,87407100.0,3.687,2021,4,0,2
2021-04-13 00:00:00,254.11,133958400.0,8.596,2021,4,1,2
2021-04-14 00:00:00,244.08,147052200.0,-3.947,2021,4,2,2
2021-04-15 00:00:00,246.28,83546700.0,0.904,2021,4,3,2
2021-04-16 00:00:00,246.59,83938500.0,0.126,2021,4,4,2
2021-04-19 00:00:00,238.21,119058600.0,-3.4,2021,4,0,2
2021-04-20 00:00:00,239.66,106827000.0,0.61,2021,4,1,2
2021-04-21 00:00:00,248.04,93646500.0,3.495,2021,4,2,2
2021-04-22 00:00:00,239.9,106770900.0,-3.283,2021,4,3,2
2021-04-23 00:00:00,243.13,85110000.0,1.349,2021,4,4,2
2021-04-26 00:00:00,246.07,93115500.0,1.206,2021,4,0,2
2021-04-27 00:00:00,234.91,88311000.0,-4.533,2021,4,1,2
2021-04-28 00:00:00,231.47,66813000.0,-1.467,2021,4,2,2
2021-04-29 00:00:00,225.67,86536200.0,-2.506,2021,4,3,2
2021-04-30 00:00:00,236.48,122276100.0,4.792,2021,4,4,2
2021-05-03 00:00:00,228.3,81129300.0,-3.459,2021,5,0,2
2021-05-04 00:00:00,224.53,89217900.0,-1.65,2021,5,1,2
2021-05-05 00:00:00,223.65,65705700.0,-0.395,2021,5,2,2
2021-05-06 00:00:00,221.18,83353800.0,-1.103,2021,5,3,2
2021-05-07 00:00:00,224.12,70407600.0,1.331,2021,5,4,2
2021-05-10 00:00:00,209.68,94177200.0,-6.444,2021,5,0,2
2021-05-11 00:00:00,205.73,139511700.0,-1.882,2021,5,1,2
2021-05-12 00:00:00,196.63,101470800.0,-4.425,2021,5,2,2
2021-05-13 00:00:00,190.56,132554700.0,-3.085,2021,5,3,2
2021-05-14 00:00:00,196.58,100112700.0,3.157,2021,5,4,2
2021-05-17 00:00:00,192.28,97171200.0,-2.189,2021,5,0,2
2021-05-18 00:00:00,192.62,110491800.0,0.18,2021,5,1,2
2021-05-19 00:00:00,187.82,118735200.0,-2.494,2021,5,2,2
2021-05-20 00:00:00,195.59,92463300.0,4.139,2021,5,3,2
2021-05-21 00:00:00,193.63,78091800.0,-1.005,2021,5,4,2
2021-05-24 00:00:00,202.15,103674300.0,4.4,2021,5,0,2
2021-05-25 00:00:00,201.56,84017700.0,-0.289,2021,5,1,2
2021-05-26 00:00:00,206.38,85917900.0,2.388,2021,5,2,2
2021-05-27 00:00:00,210.28,79111800.0,1.893,2021,5,3,2
2021-05-28 00:00:00,208.41,68211000.0,-0.892,2021,5,4,2
2021-06-01 00:00:00,207.97,54254700.0,-0.211,2021,6,1,2
2021-06-02 00:00:00,201.71,69908400.0,-3.01,2021,6,2,2
2021-06-03 00:00:00,190.95,90335700.0,-5.334,2021,6,3,2
2021-06-04 00:00:00,199.68,72110700.0,4.575,2021,6,4,2
2021-06-07 00:00:00,201.71,67631100.0,1.015,2021,6,0,2
2021-06-08 00:00:00,201.2,78160200.0,-0.254,2021,6,1,2
2021-06-09 00:00:00,199.59,49753800.0,-0.797,2021,6,2,2
2021-06-10 00:00:00,203.37,71758800.0,1.894,2021,6,3,2
2021-06-11 00:00:00,203.3,48615900.0,-0.038,2021,6,4,2
2021-06-14 00:00:00,205.9,61272000.0,1.279,2021,6,0,2
2021-06-15 00:00:00,199.79,53292300.0,-2.968,2021,6,1,2
2021-06-16 00:00:00,201.62,66432300.0,0.919,2021,6,2,2
2021-06-17 00:00:00,205.53,68104200.0,1.939,2021,6,3,2
2021-06-18 00:00:00,207.77,73682700.0,1.088,2021,6,4,2
2021-06-21 00:00:00,206.94,74438100.0,-0.398,2021,6,0,2
2021-06-22 00:00:00,207.9,57476700.0,0.464,2021,6,1,2
2021-06-23 00:00:00,218.86,93297600.0,5.268,2021,6,2,2
2021-06-24 00:00:00,226.61,137947200.0,3.541,2021,6,3,2
2021-06-25 00:00:00,223.96,97490100.0,-1.169,2021,6,4,2
2021-06-28 00:00:00,229.57,64884600.0,2.508,2021,6,0,2
2021-06-29 00:00:00,226.92,52143900.0,-1.156,2021,6,1,2
2021-06-30 00:00:00,226.57,56774700.0,-0.156,2021,6,2,2
2021-07-01 00:00:00,225.97,55903500.0,-0.262,2021,7,3,3
2021-07-02 00:00:00,226.3,81163500.0,0.145,2021,7,4,3
2021-07-06 00:00:00,219.86,69853500.0,-2.846,2021,7,1,3
2021-07-07 00:00:00,214.88,56376000.0,-2.264,2021,7,2,3
2021-07-08 00:00:00,217.6,68319900.0,1.266,2021,7,3,3
2021-07-09 00:00:00,218.98,54421500.0,0.634,2021,7,4,3
2021-07-12 00:00:00,228.57,77781000.0,4.376,2021,7,0,3
2021-07-13 00:00:00,222.85,62898300.0,-2.503,2021,7,1,3
2021-07-14 00:00:00,217.79,64923600.0,-2.268,2021,7,2,3
2021-07-15 00:00:00,216.87,60628800.0,-0.425,2021,7,3,3
2021-07-16 00:00:00,214.74,49113000.0,-0.981,2021,7,4,3
2021-07-19 00:00:00,215.41,63891300.0,0.31,2021,7,0,3
2021-07-20 00:00:00,220.17,46461300.0,2.21,2021,7,1,3
2021-07-21 00:00:00,218.43,41859900.0,-0.789,2021,7,2,3
2021-07-22 00:00:00,216.42,45317100.0,-0.92,2021,7,3,3
2021-07-23 00:00:00,214.46,43814700.0,-0.906,2021,7,4,3
2021-07-26 00:00:00,219.21,76009800.0,2.213,2021,7,0,3
2021-07-27 00:00:00,214.93,98439900.0,-1.952,2021,7,1,3
2021-07-28 00:00:00,215.66,48019800.0,0.341,2021,7,2,3
2021-07-29 00:00:00,225.78,91183800.0,4.694,2021,7,3,3
2021-07-30 00:00:00,229.07,88969200.0,1.454,2021,7,4,3
2021-08-02 00:00:00,236.56,100847400.0,3.27,2021,8,0,3
2021-08-03 00:00:00,236.58,64860900.0,0.01,2021,8,1,3
2021-08-04 00:00:00,236.97,51007800.0,0.166,2021,8,2,3
2021-08-05 00:00:00,238.21,38758800.0,0.522,2021,8,3,3
2021-08-06 00:00:00,233.03,46869000.0,-2.173,2021,8,4,3
2021-08-09 00:00:00,237.92,44145900.0,2.097,2021,8,0,3
2021-08-10 00:00:00,236.66,40296900.0,-0.528,2021,8,1,3
2021-08-11 00:00:00,235.94,29401800.0,-0.306,2021,8,2,3
2021-08-12 00:00:00,240.75,52377300.0,2.039,2021,8,3,3
2021-08-13 00:00:00,239.06,50194500.0,-0.703,2021,8,4,3
2021-08-16 00:00:00,228.72,68032200.0,-4.323,2021,8,0,3
2021-08-17 00:00:00,221.9,71163900.0,-2.982,2021,8,1,3
2021-08-18 00:00:00,229.66,61048200.0,3.497,2021,8,2,3
2021-08-19 00:00:00,224.49,42940500.0,-2.253,2021,8,3,3
2021-08-20 00:00:00,226.75,44525700.0,1.008,2021,8,4,3
2021-08-23 00:00:00,235.43,60794700.0,3.828,2021,8,0,3
2021-08-24 00:00:00,236.16,39249300.0,0.31,2021,8,1,3
2021-08-25 00:00:00,237.07,37936800.0,0.383,2021,8,2,3
2021-08-26 00:00:00,233.72,39642900.0,-1.412,2021,8,3,3
2021-08-27 00:00:00,237.31,41501400.0,1.535,2021,8,4,3
2021-08-30 00:00:00,243.64,55812600.0,2.667,2021,8,0,3
2021-08-31 00:00:00,245.24,62566200.0,0.658,2021,8,1,3
2021-09-01 00:00:00,244.7,39612900.0,-0.222,2021,9,2,3
2021-09-02 00:00:00,244.13,38331900.0,-0.232,2021,9,3,3
2021-09-03 00:00:00,244.52,45738300.0,0.161,2021,9,4,3
2021-09-07 00:00:00,250.97,60119400.0,2.638,2021,9,1,3
2021-09-08 00:00:00,251.29,56379000.0,0.126,2021,9,2,3
2021-09-09 00:00:00,251.62,42233100.0,0.131,2021,9,3,3
2021-09-10 00:00:00,245.42,45552600.0,-2.463,2021,9,4,3
2021-09-13 00:00:00,247.67,68857500.0,0.914,2021,9,0,3
2021-09-14 00:00:00,248.16,55574700.0,0.201,2021,9,1,3
2021-09-15 00:00:00,251.94,46073100.0,1.523,2021,9,2,3
2021-09-16 00:00:00,252.33,41770200.0,0.153,2021,9,3,3
2021-09-17 00:00:00,253.16,84612600.0,0.33,2021,9,4,3
2021-09-20 00:00:00,243.39,74273100.0,-3.86,2021,9,0,3
2021-09-21 00:00:00,246.46,48992100.0,1.261,2021,9,1,3
2021-09-22 00:00:00,250.65,45378900.0,1.699,2021,9,2,3
2021-09-23 00:00:00,251.21,35842500.0,0.226,2021,9,3,3
2021-09-24 00:00:00,258.13,64119000.0,2.753,2021,9,4,3
2021-09-27 00:00:00,263.79,84212100.0,2.191,2021,9,0,3
2021-09-28 00:00:00,259.19,76144200.0,-1.744,2021,9,1,3
2021-09-29 00:00:00,260.44,62828700.0,0.482,2021,9,2,3
2021-09-30 00:00:00,258.49,53868000.0,-0.746,2021,9,3,3
2021-10-01 00:00:00,258.41,51094200.0,-0.034,2021,10,4,4
2021-10-04 00:00:00,260.51,91449900.0,0.814,2021,10,0,4
2021-10-05 00:00:00,260.2,55297800.0,-0.12,2021,10,1,4
2021-10-06 00:00:00,260.92,43898400.0,0.277,2021,10,2,4
2021-10-07 00:00:00,264.54,57587400.0,1.387,2021,10,3,4
2021-10-08 00:00:00,261.83,50215800.0,-1.023,2021,10,4,4
2021-10-11 00:00:00,263.98,42600900.0,0.821,2021,10,0,4
2021-10-12 00:00:00,268.57,66060000.0,1.74,2021,10,1,4
2021-10-13 00:00:00,270.36,42360300.0,0.665,2021,10,2,4
2021-10-14 00:00:00,272.77,36741600.0,0.893,2021,10,3,4
2021-10-15 00:00:00,281.01,56773800.0,3.02,2021,10,4,4
2021-10-18 00:00:00,290.04,72621600.0,3.212,2021,10,0,4
2021-10-19 00:00:00,288.09,52143300.0,-0.671,2021,10,1,4
2021-10-20 00:00:00,288.6,42096300.0,0.177,2021,10,2,4
2021-10-21 00:00:00,298.0,94444500.0,3.257,2021,10,3,4
2021-10-22 00:00:00,303.23,68642400.0,1.754,2021,10,4,4
2021-10-25 00:00:00,341.62,188556300.0,12.662,2021,10,0,4
2021-10-26 00:00:00,339.48,187245000.0,-0.627,2021,10,1,4
2021-10-27 00:00:00,345.95,115579500.0,1.908,2021,10,2,4
2021-10-28 00:00:00,359.01,81639600.0,3.775,2021,10,3,4
2021-10-29 00:00:00,371.33,89755200.0,3.432,2021,10,4,4
2021-11-01 00:00:00,402.86,168146100.0,8.491,2021,11,0,4
2021-11-02 00:00:00,390.67,128213400.0,-3.027,2021,11,1,4
2021-11-03 00:00:00,404.62,103885500.0,3.572,2021,11,2,4
2021-11-04 00:00:00,409.97,76192200.0,1.322,2021,11,3,4
2021-11-05 00:00:00,407.36,64886400.0,-0.636,2021,11,4,4
2021-11-08 00:00:00,387.65,100337100.0,-4.84,2021,11,0,4
2021-11-09 00:00:00,341.17,177317400.0,-11.99,2021,11,1,4
2021-11-10 00:00:00,355.98,128408100.0,4.343,2021,11,2,4
2021-11-11 00:00:00,354.5,67189800.0,-0.416,2021,11,3,4
2021-11-12 00:00:00,344.47,76719300.0,-2.829,2021,11,4,4
2021-11-15 00:00:00,337.8,104326800.0,-1.938,2021,11,0,4
2021-11-16 00:00:00,351.58,79627200.0,4.079,2021,11,1,4
2021-11-17 00:00:00,363.0,94336200.0,3.25,2021,11,2,4
2021-11-18 00:00:00,365.46,62696700.0,0.677,2021,11,3,4
2021-11-19 00:00:00,379.02,64926900.0,3.71,2021,11,4,4
2021-11-22 00:00:00,385.62,99217500.0,1.742,2021,11,0,4
2021-11-23 00:00:00,369.68,108515100.0,-4.135,2021,11,1,4
2021-11-24 00:00:00,372.0,67680600.0,0.628,2021,11,2,4
2021-11-26 00:00:00,360.64,35042700.0,-3.054,2021,11,4,4
2021-11-29 00:00:00,379.0,58393500.0,5.09,2021,11,0,4
2021-11-30 00:00:00,381.59,81276000.0,0.683,2021,11,1,4
2021-12-01 00:00:00,365.0,68450400.0,-4.347,2021,12,2,4
2021-12-02 00:00:00,361.53,73114800.0,-0.95,2021,12,3,4
2021-12-03 00:00:00,338.32,92322000.0,-6.42,2021,12,4,4
2021-12-06 00:00:00,336.34,81663000.0,-0.587,2021,12,0,4
2021-12-07 00:00:00,350.58,56084700.0,4.236,2021,12,1,4
2021-12-08 00:00:00,356.32,41906400.0,1.636,2021,12,2,4
2021-12-09 00:00:00,334.6,59438400.0,-6.096,2021,12,3,4
2021-12-10 00:00:00,339.01,59664300.0,1.318,2021,12,4,4
2021-12-13 00:00:00,322.14,78595500.0,-4.977,2021,12,0,4
2021-12-14 00:00:00,319.5,70806300.0,-0.817,2021,12,1,4
2021-12-15 00:00:00,325.33,75169200.0,1.824,2021,12,2,4
2021-12-16 00:00:00,308.97,82771500.0,-5.028,2021,12,3,4
2021-12-17 00:00:00,310.86,100437300.0,0.61,2021,12,4,4
2021-12-20 00:00:00,299.98,56480100.0,-3.499,2021,12,0,4
2021-12-21 00:00:00,312.84,71517900.0,4.288,2021,12,1,4
2021-12-22 00:00:00,336.29,93634200.0,7.495,2021,12,2,4
2021-12-23 00:00:00,355.67,92713200.0,5.762,2021,12,3,4
2021-12-27 00:00:00,364.65,71145900.0,2.525,2021,12,0,4
2021-12-28 00:00:00,362.82,60324000.0,-0.5,2021,12,1,4
2021-12-29 00:00:00,362.06,56154000.0,-0.209,2021,12,2,4
2021-12-30 00:00:00,356.78,47040900.0,-1.459,2021,12,3,4
2021-12-31 00:00:00,352.26,40733700.0,-1.267,2021,12,4,4
2022-01-03 00:00:00,399.93,103931400.0,13.532,2022,1,0,1
2022-01-04 00:00:00,383.2,100248300.0,-4.183,2022,1,1,1
2022-01-05 00:00:00,362.71,80119800.0,-5.347,2022,1,2,1
2022-01-06 00:00:00,354.9,90336600.0,-2.152,2022,1,3,1
2022-01-07 00:00:00,342.32,84164700.0,-3.545,2022,1,4,1
2022-01-10 00:00:00,352.71,91815000.0,3.034,2022,1,0,1
2022-01-11 00:00:00,354.8,66063300.0,0.594,2022,1,1,1
2022-01-12 00:00:00,368.74,83739000.0,3.929,2022,1,2,1
2022-01-13 00:00:00,343.85,97209900.0,-6.749,2022,1,3,1
2022-01-14 00:00:00,349.87,72924300.0,1.75,2022,1,4,1
2022-01-18 00:00:00,343.5,66743400.0,-1.82,2022,1,1,1
2022-01-19 00:00:00,331.88,75442500.0,-3.383,2022,1,2,1
2022-01-20 00:00:00,332.09,70488600.0,0.062,2022,1,3,1
2022-01-21 00:00:00,314.63,103416000.0,-5.257,2022,1,4,1
2022-01-24 00:00:00,310.0,151565700.0,-1.473,2022,1,0,1
2022-01-25 00:00:00,306.13,86595900.0,-1.247,2022,1,1,1
2022-01-26 00:00:00,312.47,104867400.0,2.07,2022,1,2,1
2022-01-27 00:00:00,276.37,147109500.0,-11.554,2022,1,3,1
2022-01-28 00:00:00,282.12,134789100.0,2.081,2022,1,4,1
2022-01-31 00:00:00,312.24,104436000.0,10.678,2022,1,0,1
2022-02-01 00:00:00,310.42,73138200.0,-0.584,2022,2,1,1
2022-02-02 00:00:00,301.89,66792900.0,-2.748,2022,2,2,1
2022-02-03 00:00:00,297.05,78855600.0,-1.603,2022,2,3,1
2022-02-04 00:00:00,307.77,73625400.0,3.611,2022,2,4,1
2022-02-07 00:00:00,302.45,60994500.0,-1.731,2022,2,0,1
2022-02-08 00:00:00,307.33,50729100.0,1.616,2022,2,1,1
2022-02-09 00:00:00,310.67,52259400.0,1.085,2022,2,2,1
2022-02-10 00:00:00,301.52,66126900.0,-2.945,2022,2,3,1
2022-02-11 00:00:00,286.67,79645800.0,-4.925,2022,2,4,1
2022-02-14 00:00:00,291.92,67756500.0,1.833,2022,2,0,1
2022-02-15 00:00:00,307.48,57286200.0,5.329,2022,2,1,1
2022-02-16 00:00:00,307.8,51294300.0,0.104,2022,2,2,1
2022-02-17 00:00:00,292.12,55178400.0,-5.094,2022,2,3,1
2022-02-18 00:00:00,285.66,68501700.0,-2.21,2022,2,4,1
2022-02-22 00:00:00,273.84,83288100.0,-4.137,2022,2,1,1
2022-02-23 00:00:00,254.68,95256900.0,-6.998,2022,2,2,1
2022-02-24 00:00:00,266.92,135322200.0,4.807,2022,2,3,1
2022-02-25 00:00:00,269.96,76067700.0,1.136,2022,2,4,1
2022-02-28 00:00:00,290.14,99006900.0,7.478,2022,2,0,1
2022-03-01 00:00:00,288.12,74766900.0,-0.696,2022,3,1,1
2022-03-02 00:00:00,293.3,74643300.0,1.796,2022,3,2,1
2022-03-03 00:00:00,279.76,61623600.0,-4.614,2022,3,3,1
2022-03-04 00:00:00,279.43,66999600.0,-0.119,2022,3,4,1
2022-03-07 00:00:00,268.19,72494100.0,-4.021,2022,3,0,1
2022-03-08 00:00:00,274.8,80399100.0,2.463,2022,3,1,1
2022-03-09 00:00:00,286.32,59184000.0,4.193,2022,3,2,1
2022-03-10 00:00:00,279.43,58648500.0,-2.406,2022,3,3,1
2022-03-11 00:00:00,265.12,67037100.0,-5.123,2022,3,4,1
2022-03-14 00:00:00,255.46,71152200.0,-3.644,2022,3,0,1
2022-03-15 00:00:00,267.3,66841200.0,4.635,2022,3,1,1
2022-03-16 00:00:00,280.08,84028800.0,4.781,2022,3,2,1
2022-03-17 00:00:00,290.53,66582900.0,3.734,2022,3,3,1
2022-03-18 00:00:00,301.8,100414200.0,3.877,2022,3,4,1
2022-03-21 00:00:00,307.05,81981600.0,1.742,2022,3,0,1
2022-03-22 00:00:00,331.33,105868500.0,7.905,2022,3,1,1
2022-03-23 00:00:00,333.04,120676200.0,0.516,2022,3,2,1
2022-03-24 00:00:00,337.97,68920800.0,1.482,2022,3,3,1
2022-03-25 00:00:00,336.88,62031600.0,-0.323,2022,3,4,1
2022-03-28 00:00:00,363.95,102506100.0,8.035,2022,3,0,1
2022-03-29 00:00:00,366.52,73614900.0,0.708,2022,3,1,1
2022-03-30 00:00:00,364.66,59865000.0,-0.507,2022,3,2,1
2022-03-31 00:00:00,359.2,48992700.0,-1.498,2022,3,3,1
2022-04-01 00:00:00,361.53,54263100.0,0.649,2022,4,4,2
2022-04-04 00:00:00,381.82,82035900.0,5.611,2022,4,0,2
2022-04-05 00:00:00,363.75,80075100.0,-4.731,2022,4,1,2
2022-04-06 00:00:00,348.59,89348400.0,-4.169,2022,4,2,2
2022-04-07 00:00:00,352.42,79447200.0,1.1,2022,4,3,2
2022-04-08 00:00:00,341.83,55013700.0,-3.005,2022,4,4,2
2022-04-11 00:00:00,325.31,59357100.0,-4.833,2022,4,0,2
2022-04-12 00:00:00,328.98,65976000.0,1.129,2022,4,1,2
2022-04-13 00:00:00,340.79,55121100.0,3.589,2022,4,2,2
2022-04-14 00:00:00,328.33,58422300.0,-3.655,2022,4,3,2
2022-04-18 00:00:00,334.76,51715200.0,1.958,2022,4,0,2
2022-04-19 00:00:00,342.72,49847700.0,2.376,2022,4,1,2
2022-04-20 00:00:00,325.73,70711200.0,-4.956,2022,4,2,2
2022-04-21 00:00:00,336.26,105416400.0,3.232,2022,4,3,2
2022-04-22 00:00:00,335.02,69696600.0,-0.37,2022,4,4,2
2022-04-25 00:00:00,332.67,68341200.0,-0.699,2022,4,0,2
2022-04-26 00:00:00,292.14,136133700.0,-12.184,2022,4,1,2
2022-04-27 00:00:00,293.84,76956300.0,0.581,2022,4,2,2
2022-04-28 00:00:00,292.5,124948500.0,-0.454,2022,4,3,2
2022-04-29 00:00:00,290.25,88133100.0,-0.769,2022,4,4,2
2022-05-02 00:00:00,300.98,75781500.0,3.696,2022,5,0,2
2022-05-03 00:00:00,303.08,63709500.0,0.699,2022,5,1,2
2022-05-04 00:00:00,317.54,81643800.0,4.77,2022,5,2,2
2022-05-05 00:00:00,291.09,92519100.0,-8.329,2022,5,3,2
2022-05-06 00:00:00,288.55,72903000.0,-0.874,2022,5,4,2
2022-05-09 00:00:00,262.37,90810300.0,-9.073,2022,5,0,2
2022-05-10 00:00:00,266.68,84401700.0,1.643,2022,5,1,2
2022-05-11 00:00:00,244.67,97224600.0,-8.255,2022,5,2,2
2022-05-12 00:00:00,242.67,140313000.0,-0.817,2022,5,3,2
2022-05-13 00:00:00,256.53,92150700.0,5.713,2022,5,4,2
2022-05-16 00:00:00,241.46,86098500.0,-5.876,2022,5,0,2
2022-05-17 00:00:00,253.87,80236200.0,5.141,2022,5,1,2
2022-05-18 00:00:00,236.6,87811800.0,-6.801,2022,5,2,2
2022-05-19 00:00:00,236.47,90296700.0,-0.055,2022,5,3,2
2022-05-20 00:00:00,221.3,144973200.0,-6.417,2022,5,4,2
2022-05-23 00:00:00,224.97,88903500.0,1.657,2022,5,0,2
2022-05-24 00:00:00,209.39,89092500.0,-6.925,2022,5,1,2
2022-05-25 00:00:00,219.6,92139300.0,4.878,2022,5,2,2
2022-05-26 00:00:00,235.91,106003200.0,7.427,2022,5,3,2
2022-05-27 00:00:00,253.21,89295000.0,7.333,2022,5,4,2
2022-05-31 00:00:00,252.75,101914500.0,-0.18,2022,5,1,2
2022-06-01 00:00:00,246.79,77247900.0,-2.359,2022,6,2,2
2022-06-02 00:00:00,258.33,93473100.0,4.677,2022,6,3,2
2022-06-03 00:00:00,234.52,112393800.0,-9.219,2022,6,4,2
2022-06-06 00:00:00,238.28,84204600.0,1.605,2022,6,0,2
2022-06-07 00:00:00,238.89,72808500.0,0.255,2022,6,1,2
2022-06-08 00:00:00,241.87,76210500.0,1.247,2022,6,2,2
2022-06-09 00:00:00,239.71,96491400.0,-0.893,2022,6,3,2
2022-06-10 00:00:00,232.23,97536600.0,-3.119,2022,6,4,2
2022-06-13 00:00:00,215.74,102767400.0,-7.102,2022,6,0,2
2022-06-14 00:00:00,220.89,97988700.0,2.389,2022,6,1,2
2022-06-15 00:00:00,233.0,119131800.0,5.482,2022,6,2,2
2022-06-16 00:00:00,213.1,107390700.0,-8.541,2022,6,3,2
2022-06-17 00:00:00,216.76,92641800.0,1.717,2022,6,4,2
2022-06-21 00:00:00,237.04,122793000.0,9.354,2022,6,1,2
2022-06-22 00:00:00,236.09,101107500.0,-0.401,2022,6,2,2
2022-06-23 00:00:00,235.07,104202600.0,-0.431,2022,6,3,2
2022-06-24 00:00:00,245.71,95770800.0,4.525,2022,6,4,2
2022-06-27 00:00:00,244.92,89178300.0,-0.32,2022,6,0,2
2022-06-28 00:00:00,232.66,90391200.0,-5.004,2022,6,1,2
2022-06-29 00:00:00,228.49,82897200.0,-1.794,2022,6,2,2
2022-06-30 00:00:00,224.47,94600500.0,-1.758,2022,6,3,2
2022-07-01 00:00:00,227.26,74460300.0,1.243,2022,7,4,3
2022-07-05 00:00:00,233.07,84581100.0,2.554,2022,7,1,3
2022-07-06 00:00:00,231.73,71853600.0,-0.572,2022,7,2,3
2022-07-07 00:00:00,244.54,81930600.0,5.528,2022,7,3,3
2022-07-08 00:00:00,250.76,101854200.0,2.544,2022,7,4,3
2022-07-11 00:00:00,234.34,99241200.0,-6.548,2022,7,0,3
2022-07-12 00:00:00,233.07,87930900.0,-0.543,2022,7,1,3
2022-07-13 00:00:00,237.04,97954500.0,1.703,2022,7,2,3
2022-07-14 00:00:00,238.31,78557400.0,0.537,2022,7,3,3
2022-07-15 00:00:00,240.07,69683100.0,0.736,2022,7,4,3
2022-07-18 00:00:00,240.55,82537500.0,0.2,2022,7,0,3
2022-07-19 00:00:00,245.53,80890200.0,2.072,2022,7,1,3
2022-07-20 00:00:00,247.5,88864200.0,0.802,2022,7,2,3
2022-07-21 00:00:00,271.71,142032300.0,9.78,2022,7,3,3
2022-07-22 00:00:00,272.24,103472700.0,0.198,2022,7,4,3
2022-07-25 00:00:00,268.43,64073400.0,-1.399,2022,7,0,3
2022-07-26 00:00:00,258.86,66820800.0,-3.566,2022,7,1,3
2022-07-27 00:00:00,274.82,88110000.0,6.166,2022,7,2,3
2022-07-28 00:00:00,280.9,84723000.0,2.212,2022,7,3,3
2022-07-29 00:00:00,297.15,95313000.0,5.785,2022,7,4,3
2022-08-01 00:00:00,297.28,117042900.0,0.043,2022,8,0,3
2022-08-02 00:00:00,300.59,95577600.0,1.113,2022,8,1,3
2022-08-03 00:00:00,307.4,80091000.0,2.266,2022,8,2,3
2022-08-04 00:00:00,308.63,72256200.0,0.402,2022,8,3,3
2022-08-05 00:00:00,288.17,113172900.0,-6.63,2022,8,4,3
2022-08-08 00:00:00,290.42,98994000.0,0.782,2022,8,0,3
2022-08-09 00:00:00,283.33,86244600.0,-2.441,2022,8,1,3
2022-08-10 00:00:00,294.36,94918800.0,3.891,2022,8,2,3
2022-08-11 00:00:00,286.63,70155000.0,-2.625,2022,8,3,3
2022-08-12 00:00:00,300.03,79657200.0,4.675,2022,8,4,3
2022-08-15 00:00:00,309.32,89359200.0,3.096,2022,8,0,3
2022-08-16 00:00:00,306.56,88136400.0,-0.891,2022,8,1,3
2022-08-17 00:00:00,304.0,68766000.0,-0.837,2022,8,2,3
2022-08-18 00:00:00,302.87,47500500.0,-0.371,2022,8,3,3
2022-08-19 00:00:00,296.67,61395300.0,-2.048,2022,8,4,3
2022-08-22 00:00:00,289.91,55843200.0,-2.276,2022,8,0,3
2022-08-23 00:00:00,296.45,63984900.0,2.256,2022,8,1,3
2022-08-24 00:00:00,297.1,57259800.0,0.217,2022,8,2,3
2022-08-25 00:00:00,296.07,53230000.0,-0.346,2022,8,3,3
2022-08-26 00:00:00,288.09,57163900.0,-2.695,2022,8,4,3
2022-08-29 00:00:00,284.82,41864700.0,-1.135,2022,8,0,3
2022-08-30 00:00:00,277.7,50541800.0,-2.5,2022,8,1,3
2022-08-31 00:00:00,275.61,52107300.0,-0.753,2022,8,2,3
2022-09-01 00:00:00,277.16,54287000.0,0.562,2022,9,3,3
2022-09-02 00:00:00,270.21,50890100.0,-2.508,2022,9,4,3
2022-09-06 00:00:00,274.42,55860000.0,1.558,2022,9,1,3
2022-09-07 00:00:00,283.7,50028900.0,3.382,2022,9,2,3
2022-09-08 00:00:00,289.26,53713100.0,1.96,2022,9,3,3
2022-09-09 00:00:00,299.68,54338100.0,3.602,2022,9,4,3
2022-09-12 00:00:00,304.42,48674600.0,1.582,2022,9,0,3
2022-09-13 00:00:00,292.13,68229600.0,-4.037,2022,9,1,3
2022-09-14 00:00:00,302.61,72628700.0,3.587,2022,9,2,3
2022-09-15 00:00:00,303.75,64795500.0,0.377,2022,9,3,3
2022-09-16 00:00:00,303.35,87087800.0,-0.132,2022,9,4,3
2022-09-19 00:00:00,309.07,60231200.0,1.886,2022,9,0,3
2022-09-20 00:00:00,308.73,61642800.0,-0.11,2022,9,1,3
2022-09-21 00:00:00,300.8,62555700.0,-2.569,2022,9,2,3
2022-09-22 00:00:00,288.59,70545400.0,-4.059,2022,9,3,3
2022-09-23 00:00:00,275.33,63748400.0,-4.595,2022,9,4,3
2022-09-26 00:00:00,276.01,58076900.0,0.247,2022,9,0,3
2022-09-27 00:00:00,282.94,61925200.0,2.511,2022,9,1,3
2022-09-28 00:00:00,287.81,54664800.0,1.721,2022,9,2,3
2022-09-29 00:00:00,268.21,77620600.0,-6.81,2022,9,3,3
2022-09-30 00:00:00,265.25,67726600.0,-1.104,2022,9,4,3
2022-10-03 00:00:00,242.4,98363500.0,-8.615,2022,10,0,4
2022-10-04 00:00:00,249.44,109578500.0,2.904,2022,10,1,4
2022-10-05 00:00:00,240.81,86982700.0,-3.46,2022,10,2,4
2022-10-06 00:00:00,238.13,69298400.0,-1.113,2022,10,3,4
2022-10-07 00:00:00,223.07,83916800.0,-6.324,2022,10,4,4
2022-10-10 00:00:00,222.96,67925000.0,-0.049,2022,10,0,4
2022-10-11 00:00:00,216.5,77013200.0,-2.897,2022,10,1,4
2022-10-12 00:00:00,217.24,66860700.0,0.342,2022,10,2,4
2022-10-13 00:00:00,221.72,91483000.0,2.062,2022,10,3,4
2022-10-14 00:00:00,204.99,94124500.0,-7.546,2022,10,4,4
2022-10-17 00:00:00,219.35,79428800.0,7.005,2022,10,0,4
2022-10-18 00:00:00,220.19,75891900.0,0.383,2022,10,1,4
2022-10-19 00:00:00,222.04,66571500.0,0.84,2022,10,2,4
2022-10-20 00:00:00,207.28,117798100.0,-6.647,2022,10,3,4
2022-10-21 00:00:00,214.44,75713800.0,3.454,2022,10,4,4
2022-10-24 00:00:00,211.25,100446800.0,-1.488,2022,10,0,4
2022-10-25 00:00:00,222.42,96507900.0,5.288,2022,10,1,4
2022-10-26 00:00:00,224.64,85012500.0,0.998,2022,10,2,4
2022-10-27 00:00:00,225.09,61638800.0,0.2,2022,10,3,4
2022-10-28 00:00:00,228.52,69152400.0,1.524,2022,10,4,4
2022-10-31 00:00:00,227.54,61554300.0,-0.429,2022,10,0,4
2022-11-01 00:00:00,227.82,62688800.0,0.123,2022,11,1,4
2022-11-02 00:00:00,214.98,63070300.0,-5.636,2022,11,2,4
2022-11-03 00:00:00,215.31,56538800.0,0.154,2022,11,3,4
2022-11-04 00:00:00,207.47,98622200.0,-3.641,2022,11,4,4
2022-11-07 00:00:00,197.08,93916500.0,-5.008,2022,11,0,4
2022-11-08 00:00:00,191.3,128803400.0,-2.933,2022,11,1,4
2022-11-09 00:00:00,177.59,127062700.0,-7.167,2022,11,2,4
2022-11-10 00:00:00,190.72,132703000.0,7.393,2022,11,3,4
2022-11-11 00:00:00,195.97,114403600.0,2.753,2022,11,4,4
2022-11-14 00:00:00,190.95,92226600.0,-2.562,2022,11,0,4
2022-11-15 00:00:00,194.42,91293800.0,1.817,2022,11,1,4
2022-11-16 00:00:00,186.92,66567600.0,-3.858,2022,11,2,4
2022-11-17 00:00:00,183.17,64336000.0,-2.006,2022,11,3,4
2022-11-18 00:00:00,180.19,76048900.0,-1.627,2022,11,4,4
2022-11-21 00:00:00,167.87,92882700.0,-6.837,2022,11,0,4
2022-11-22 00:00:00,169.91,78452300.0,1.215,2022,11,1,4
2022-11-23 00:00:00,183.2,109536700.0,7.822,2022,11,2,4
2022-11-25 00:00:00,182.86,50672700.0,-0.186,2022,11,4,4
2022-11-28 00:00:00,182.92,92905200.0,0.033,2022,11,0,4
2022-11-29 00:00:00,180.83,83357100.0,-1.143,2022,11,1,4
2022-11-30 00:00:00,194.7,109186400.0,7.67,2022,11,2,4
2022-12-01 00:00:00,194.7,80046200.0,0.0,2022,12,3,4
2022-12-02 00:00:00,194.86,73645900.0,0.082,2022,12,4,4
2022-12-05 00:00:00,182.45,93122700.0,-6.369,2022,12,0,4
2022-12-06 00:00:00,179.82,92150800.0,-1.441,2022,12,1,4
2022-12-07 00:00:00,174.04,84213300.0,-3.214,2022,12,2,4
2022-12-08 00:00:00,173.44,97624500.0,-0.345,2022,12,3,4
2022-12-09 00:00:00,179.05,104872300.0,3.235,2022,12,4,4
2022-12-12 00:00:00,167.82,109794500.0,-6.272,2022,12,0,4
2022-12-13 00:00:00,160.95,175862700.0,-4.094,2022,12,1,4
2022-12-14 00:00:00,156.8,140682300.0,-2.578,2022,12,2,4
2022-12-15 00:00:00,157.67,122334500.0,0.555,2022,12,3,4
2022-12-16 00:00:00,150.23,139032200.0,-4.719,2022,12,4,4
2022-12-19 00:00:00,149.87,139390600.0,-0.24,2022,12,0,4
2022-12-20 00:00:00,137.8,159563300.0,-8.054,2022,12,1,4
2022-12-21 00:00:00,137.57,145417400.0,-0.167,2022,12,2,4
2022-12-22 00:00:00,125.35,210090300.0,-8.883,2022,12,3,4
2022-12-23 00:00:00,123.15,166989700.0,-1.755,2022,12,4,4
2022-12-27 00:00:00,109.1,208643400.0,-11.409,2022,12,1,4
2022-12-28 00:00:00,112.71,221070500.0,3.309,2022,12,2,4
2022-12-29 00:00:00,121.82,221923300.0,8.083,2022,12,3,4
2022-12-30 00:00:00,123.18,157777300.0,1.116,2022,12,4,4
2023-01-03 00:00:00,108.1,231402800.0,-12.242,2023,1,1,1
2023-01-04 00:00:00,113.64,180389000.0,5.125,2023,1,2,1
2023-01-05 00:00:00,110.34,157986300.0,-2.904,2023,1,3,1
2023-01-06 00:00:00,113.06,220911100.0,2.465,2023,1,4,1
2023-01-09 00:00:00,119.77,190284000.0,5.935,2023,1,0,1
2023-01-10 00:00:00,118.85,167642500.0,-0.768,2023,1,1,1
2023-01-11 00:00:00,123.22,183810800.0,3.677,2023,1,2,1
2023-01-12 00:00:00,123.56,169400900.0,0.276,2023,1,3,1
2023-01-13 00:00:00,122.4,180714100.0,-0.939,2023,1,4,1
2023-01-17 00:00:00,131.49,186477000.0,7.426,2023,1,1,1
2023-01-18 00:00:00,128.78,195680300.0,-2.061,2023,1,2,1
2023-01-19 00:00:00,127.17,170291900.0,-1.25,2023,1,3,1
2023-01-20 00:00:00,133.42,138858100.0,4.915,2023,1,4,1
2023-01-23 00:00:00,143.75,203119200.0,7.742,2023,1,0,1
2023-01-24 00:00:00,143.89,158699100.0,0.097,2023,1,1,1
2023-01-25 00:00:00,144.43,192734300.0,0.375,2023,1,2,1
2023-01-26 00:00:00,160.27,234815100.0,10.967,2023,1,3,1
2023-01-27 00:00:00,177.9,306590600.0,11.0,2023,1,4,1
2023-01-30 00:00:00,166.66,230878800.0,-6.318,2023,1,0,1
2023-01-31 00:00:00,173.22,196813500.0,3.936,2023,1,1,1
2023-02-01 00:00:00,181.41,213806300.0,4.728,2023,2,2,1
2023-02-02 00:00:00,188.27,217448300.0,3.781,2023,2,3,1
2023-02-03 00:00:00,189.98,232662000.0,0.908,2023,2,4,1
2023-02-06 00:00:00,194.76,186188100.0,2.516,2023,2,0,1
2023-02-07 00:00:00,196.81,186010300.0,1.053,2023,2,1,1
2023-02-08 00:00:00,201.29,180673600.0,2.276,2023,2,2,1
2023-02-09 00:00:00,207.32,215431400.0,2.996,2023,2,3,1
2023-02-10 00:00:00,196.89,204754100.0,-5.031,2023,2,4,1
2023-02-13 00:00:00,194.64,172475500.0,-1.143,2023,2,0,1
2023-02-14 00:00:00,209.25,216455700.0,7.506,2023,2,1,1
2023-02-15 00:00:00,214.24,181006400.0,2.385,2023,2,2,1
2023-02-16 00:00:00,202.04,229586500.0,-5.695,2023,2,3,1
2023-02-17 00:00:00,208.31,213738500.0,3.103,2023,2,4,1
2023-02-21 00:00:00,197.37,180018600.0,-5.252,2023,2,1,1
2023-02-22 00:00:00,200.86,191828500.0,1.768,2023,2,2,1
2023-02-23 00:00:00,202.07,146360000.0,0.602,2023,2,3,1
2023-02-24 00:00:00,196.88,142228100.0,-2.568,2023,2,4,1
2023-02-27 00:00:00,207.63,161028300.0,5.46,2023,2,0,1
2023-02-28 00:00:00,205.71,153144900.0,-0.925,2023,2,1,1
2023-03-01 00:00:00,202.77,156852800.0,-1.429,2023,3,2,1
2023-03-02 00:00:00,190.9,181500700.0,-5.854,2023,3,3,1
2023-03-03 00:00:00,197.79,154193300.0,3.609,2023,3,4,1
2023-03-06 00:00:00,193.81,128100100.0,-2.012,2023,3,0,1
2023-03-07 00:00:00,187.71,148125800.0,-3.147,2023,3,1,1
2023-03-08 00:00:00,182.0,151897800.0,-3.042,2023,3,2,1
2023-03-09 00:00:00,172.92,170023800.0,-4.989,2023,3,3,1
2023-03-10 00:00:00,173.44,191488900.0,0.301,2023,3,4,1
2023-03-13 00:00:00,174.48,167790300.0,0.6,2023,3,0,1
2023-03-14 00:00:00,183.26,143717900.0,5.032,2023,3,1,1
2023-03-15 00:00:00,180.45,145995600.0,-1.533,2023,3,2,1
2023-03-16 00:00:00,184.13,121136800.0,2.039,2023,3,3,1
2023-03-17 00:00:00,180.13,133197100.0,-2.172,2023,3,4,1
2023-03-20 00:00:00,183.25,129684400.0,1.732,2023,3,0,1
2023-03-21 00:00:00,197.58,153391400.0,7.82,2023,3,1,1
2023-03-22 00:00:00,191.15,150376400.0,-3.254,2023,3,2,1
2023-03-23 00:00:00,192.22,144193900.0,0.56,2023,3,3,1
2023-03-24 00:00:00,190.41,116312400.0,-0.942,2023,3,4,1
2023-03-27 00:00:00,191.81,120851600.0,0.735,2023,3,0,1
2023-03-28 00:00:00,189.19,98654600.0,-1.366,2023,3,1,1
2023-03-29 00:00:00,193.88,123660000.0,2.479,2023,3,2,1
2023-03-30 00:00:00,195.28,110252200.0,0.722,2023,3,3,1
2023-03-31 00:00:00,207.46,170222100.0,6.237,2023,3,4,1
2023-04-03 00:00:00,194.77,169545900.0,-6.117,2023,4,0,2
2023-04-04 00:00:00,192.58,126463800.0,-1.124,2023,4,1,2
2023-04-05 00:00:00,185.52,133882500.0,-3.666,2023,4,2,2
2023-04-06 00:00:00,185.06,123857900.0,-0.248,2023,4,3,2
2023-04-10 00:00:00,184.51,142154600.0,-0.297,2023,4,0,2
2023-04-11 00:00:00,186.79,115770900.0,1.236,2023,4,1,2
2023-04-12 00:00:00,180.54,150256300.0,-3.346,2023,4,2,2
2023-04-13 00:00:00,185.9,112933000.0,2.969,2023,4,3,2
2023-04-14 00:00:00,185.0,96438700.0,-0.484,2023,4,4,2
2023-04-17 00:00:00,187.04,116662200.0,1.103,2023,4,0,2
2023-04-18 00:00:00,184.31,92067000.0,-1.46,2023,4,1,2
2023-04-19 00:00:00,180.59,125732700.0,-2.018,2023,4,2,2
2023-04-20 00:00:00,162.99,210970800.0,-9.746,2023,4,3,2
2023-04-21 00:00:00,165.08,123539000.0,1.282,2023,4,4,2
2023-04-24 00:00:00,162.55,140006600.0,-1.533,2023,4,0,2
2023-04-25 00:00:00,160.67,121999300.0,-1.157,2023,4,1,2
2023-04-26 00:00:00,153.75,153364100.0,-4.307,2023,4,2,2
2023-04-27 00:00:00,160.19,127015200.0,4.189,2023,4,3,2
2023-04-28 00:00:00,164.31,122515800.0,2.572,2023,4,4,2
2023-05-01 00:00:00,161.83,109015000.0,-1.509,2023,5,0,2
2023-05-02 00:00:00,160.31,128259700.0,-0.939,2023,5,1,2
2023-05-03 00:00:00,160.61,119728000.0,0.187,2023,5,2,2
2023-05-04 00:00:00,161.2,95108500.0,0.367,2023,5,3,2
2023-05-05 00:00:00,170.06,107607300.0,5.496,2023,5,4,2
2023-05-08 00:00:00,171.79,112249400.0,1.017,2023,5,0,2
2023-05-09 00:00:00,169.15,88965000.0,-1.537,2023,5,1,2
2023-05-10 00:00:00,168.54,119840700.0,-0.361,2023,5,2,2
2023-05-11 00:00:00,172.08,103889900.0,2.1,2023,5,3,2
2023-05-12 00:00:00,167.98,157849600.0,-2.383,2023,5,4,2
2023-05-15 00:00:00,166.35,105592500.0,-0.97,2023,5,0,2
2023-05-16 00:00:00,166.52,98288800.0,0.102,2023,5,1,2
2023-05-17 00:00:00,173.86,125473600.0,4.408,2023,5,2,2
2023-05-18 00:00:00,176.89,109520300.0,1.743,2023,5,3,2
2023-05-19 00:00:00,180.14,136196700.0,1.837,2023,5,4,2
2023-05-22 00:00:00,188.87,132001400.0,4.846,2023,5,0,2
2023-05-23 00:00:00,185.77,156952100.0,-1.641,2023,5,1,2
2023-05-24 00:00:00,182.9,137605100.0,-1.545,2023,5,2,2
2023-05-25 00:00:00,184.47,96870700.0,0.858,2023,5,3,2
2023-05-26 00:00:00,193.17,162061500.0,4.716,2023,5,4,2
2023-05-30 00:00:00,201.16,128818700.0,4.136,2023,5,1,2
2023-05-31 00:00:00,203.93,150711700.0,1.377,2023,5,2,2
2023-06-01 00:00:00,207.52,148029900.0,1.76,2023,6,3,2
2023-06-02 00:00:00,213.97,164398400.0,3.108,2023,6,4,2
2023-06-05 00:00:00,217.61,151143100.0,1.701,2023,6,0,2
2023-06-06 00:00:00,221.31,146911600.0,1.7,2023,6,1,2
2023-06-07 00:00:00,224.57,185710800.0,1.473,2023,6,2,2
2023-06-08 00:00:00,234.86,164489700.0,4.582,2023,6,3,2
2023-06-09 00:00:00,244.4,200242400.0,4.062,2023,6,4,2
2023-06-12 00:00:00,249.83,150337900.0,2.222,2023,6,0,2
2023-06-13 00:00:00,258.71,162384300.0,3.554,2023,6,1,2
2023-06-14 00:00:00,256.79,170575500.0,-0.742,2023,6,2,2
2023-06-15 00:00:00,255.9,160171200.0,-0.347,2023,6,3,2
2023-06-16 00:00:00,260.54,167915600.0,1.813,2023,6,4,2
2023-06-20 00:00:00,274.45,165611200.0,5.339,2023,6,1,2
2023-06-21 00:00:00,259.46,211797100.0,-5.462,2023,6,2,2
2023-06-22 00:00:00,264.61,166875900.0,1.985,2023,6,3,2
2023-06-23 00:00:00,256.6,177460800.0,-3.027,2023,6,4,2
2023-06-26 00:00:00,241.05,179990600.0,-6.06,2023,6,0,2
2023-06-27 00:00:00,250.21,164968200.0,3.8,2023,6,1,2
2023-06-28 00:00:00,256.24,159770800.0,2.41,2023,6,2,2
2023-06-29 00:00:00,257.5,131283400.0,0.492,2023,6,3,2
2023-06-30 00:00:00,261.77,112620800.0,1.658,2023,6,4,2
2023-07-03 00:00:00,279.82,119685900.0,6.895,2023,7,0,3
2023-07-05 00:00:00,282.48,131530900.0,0.951,2023,7,2,3
2023-07-06 00:00:00,276.54,120332100.0,-2.103,2023,7,3,3
2023-07-07 00:00:00,274.43,113879200.0,-0.763,2023,7,4,3
2023-07-10 00:00:00,269.61,119425400.0,-1.756,2023,7,0,3
2023-07-11 00:00:00,269.79,91972400.0,0.067,2023,7,1,3
2023-07-12 00:00:00,271.99,95672100.0,0.815,2023,7,2,3
2023-07-13 00:00:00,277.9,112681500.0,2.173,2023,7,3,3
2023-07-14 00:00:00,281.38,120062400.0,1.252,2023,7,4,3
2023-07-17 00:00:00,290.38,131569600.0,3.199,2023,7,0,3
2023-07-18 00:00:00,293.34,112120300.0,1.019,2023,7,1,3
2023-07-19 00:00:00,291.26,142355400.0,-0.709,2023,7,2,3
2023-07-20 00:00:00,262.9,175158300.0,-9.737,2023,7,3,3
2023-07-21 00:00:00,260.02,161796100.0,-1.095,2023,7,4,3
2023-07-24 00:00:00,269.06,136508500.0,3.477,2023,7,0,3
2023-07-25 00:00:00,265.28,112757300.0,-1.405,2023,7,1,3
2023-07-26 00:00:00,264.35,95856200.0,-0.351,2023,7,2,3
2023-07-27 00:00:00,255.71,103697300.0,-3.268,2023,7,3,3
2023-07-28 00:00:00,266.44,111446000.0,4.196,2023,7,4,3
2023-07-31 00:00:00,267.43,84582200.0,0.372,2023,7,0,3
2023-08-01 00:00:00,261.07,83166000.0,-2.378,2023,8,1,3
2023-08-02 00:00:00,254.11,101752900.0,-2.666,2023,8,2,3
2023-08-03 00:00:00,259.32,97569100.0,2.05,2023,8,3,3
2023-08-04 00:00:00,253.86,99539900.0,-2.106,2023,8,4,3
2023-08-07 00:00:00,251.45,111097900.0,-0.949,2023,8,0,3
2023-08-08 00:00:00,249.7,96642200.0,-0.696,2023,8,1,3
2023-08-09 00:00:00,242.19,101596300.0,-3.008,2023,8,2,3
2023-08-10 00:00:00,245.34,109498600.0,1.301,2023,8,3,3
2023-08-11 00:00:00,242.65,99038600.0,-1.096,2023,8,4,3
2023-08-14 00:00:00,239.76,98595300.0,-1.191,2023,8,0,3
2023-08-15 00:00:00,232.96,88197600.0,-2.836,2023,8,1,3
2023-08-16 00:00:00,225.6,112484500.0,-3.159,2023,8,2,3
2023-08-17 00:00:00,219.22,120718400.0,-2.828,2023,8,3,3
2023-08-18 00:00:00,215.49,136276600.0,-1.701,2023,8,4,3
2023-08-21 00:00:00,231.28,135702700.0,7.327,2023,8,0,3
2023-08-22 00:00:00,233.19,130442800.0,0.826,2023,8,1,3
2023-08-23 00:00:00,236.86,101077600.0,1.574,2023,8,2,3
2023-08-24 00:00:00,230.04,99777400.0,-2.879,2023,8,3,3
2023-08-25 00:00:00,238.59,106612200.0,3.717,2023,8,4,3
2023-08-28 00:00:00,238.82,107673700.0,0.096,2023,8,0,3
2023-08-29 00:00:00,257.18,134047600.0,7.688,2023,8,1,3
2023-08-30 00:00:00,256.9,121988400.0,-0.109,2023,8,2,3
2023-08-31 00:00:00,258.08,108861700.0,0.459,2023,8,3,3
2023-09-01 00:00:00,245.01,132541600.0,-5.064,2023,9,4,3
2023-09-05 00:00:00,256.49,129469600.0,4.686,2023,9,1,3
2023-09-06 00:00:00,251.92,116959800.0,-1.782,2023,9,2,3
2023-09-07 00:00:00,251.49,115312900.0,-0.171,2023,9,3,3
2023-09-08 00:00:00,248.5,118367700.0,-1.189,2023,9,4,3
2023-09-11 00:00:00,273.58,174667900.0,10.093,2023,9,0,3
2023-09-12 00:00:00,267.48,135999900.0,-2.23,2023,9,1,3
2023-09-13 00:00:00,271.3,111673700.0,1.428,2023,9,2,3
2023-09-14 00:00:00,276.04,107709800.0,1.747,2023,9,3,3
2023-09-15 00:00:00,274.39,133692300.0,-0.598,2023,9,4,3
2023-09-18 00:00:00,265.28,101543300.0,-3.32,2023,9,0,3
2023-09-19 00:00:00,266.5,103704000.0,0.46,2023,9,1,3
2023-09-20 00:00:00,262.59,122514600.0,-1.467,2023,9,2,3
2023-09-21 00:00:00,255.7,119951500.0,-2.624,2023,9,3,3
2023-09-22 00:00:00,244.88,127524100.0,-4.232,2023,9,4,3
2023-09-25 00:00:00,246.99,104636600.0,0.862,2023,9,0,3
2023-09-26 00:00:00,244.12,101993600.0,-1.162,2023,9,1,3
2023-09-27 00:00:00,240.5,136597200.0,-1.483,2023,9,2,3
2023-09-28 00:00:00,246.38,117058900.0,2.445,2023,9,3,3
2023-09-29 00:00:00,250.22,128522700.0,1.559,2023,9,4,3
2023-10-02 00:00:00,251.6,123810400.0,0.552,2023,10,0,4
2023-10-03 00:00:00,246.53,101985300.0,-2.015,2023,10,1,4
2023-10-04 00:00:00,261.16,129721600.0,5.934,2023,10,2,4
2023-10-05 00:00:00,260.05,119159200.0,-0.425,2023,10,3,4
2023-10-06 00:00:00,260.53,118121800.0,0.185,2023,10,4,4
2023-10-09 00:00:00,259.67,101377900.0,-0.33,2023,10,0,4
2023-10-10 00:00:00,263.62,122656000.0,1.521,2023,10,1,4
2023-10-11 00:00:00,262.99,103706300.0,-0.239,2023,10,2,4
2023-10-12 00:00:00,258.87,111508100.0,-1.567,2023,10,3,4
2023-10-13 00:00:00,251.12,102073800.0,-2.994,2023,10,4,4
2023-10-16 00:00:00,253.92,88917200.0,1.115,2023,10,0,4
2023-10-17 00:00:00,254.85,93562900.0,0.366,2023,10,1,4
2023-10-18 00:00:00,242.68,125147800.0,-4.775,2023,10,2,4
2023-10-19 00:00:00,220.11,170772700.0,-9.3,2023,10,3,4
2023-10-20 00:00:00,211.99,138010100.0,-3.689,2023,10,4,4
2023-10-23 00:00:00,212.08,150683400.0,0.042,2023,10,0,4
2023-10-24 00:00:00,216.52,118231100.0,2.094,2023,10,1,4
2023-10-25 00:00:00,212.42,107065100.0,-1.894,2023,10,2,4
2023-10-26 00:00:00,205.76,115112600.0,-3.135,2023,10,3,4
2023-10-27 00:00:00,207.3,94881200.0,0.748,2023,10,4,4
2023-10-30 00:00:00,197.36,136448200.0,-4.795,2023,10,0,4
2023-10-31 00:00:00,200.84,118068300.0,1.763,2023,10,1,4
2023-11-01 00:00:00,205.66,121661700.0,2.4,2023,11,2,4
2023-11-02 00:00:00,218.51,125987600.0,6.248,2023,11,3,4
2023-11-03 00:00:00,219.96,119534800.0,0.664,2023,11,4,4
2023-11-06 00:00:00,219.27,117335800.0,-0.314,2023,11,0,4
2023-11-07 00:00:00,222.18,116900100.0,1.327,2023,11,1,4
2023-11-08 00:00:00,222.11,106584800.0,-0.032,2023,11,2,4
2023-11-09 00:00:00,209.98,142110500.0,-5.461,2023,11,3,4
2023-11-10 00:00:00,214.65,130994000.0,2.224,2023,11,4,4
2023-11-13 00:00:00,223.71,140447600.0,4.221,2023,11,0,4
2023-11-14 00:00:00,237.41,149771600.0,6.124,2023,11,1,4
2023-11-15 00:00:00,242.84,150354000.0,2.287,2023,11,2,4
2023-11-16 00:00:00,233.59,136816800.0,-3.809,2023,11,3,4
2023-11-17 00:00:00,234.3,142532800.0,0.304,2023,11,4,4
2023-11-20 00:00:00,235.6,116320100.0,0.555,2023,11,0,4
2023-11-21 00:00:00,241.2,122288000.0,2.377,2023,11,1,4
2023-11-22 00:00:00,234.21,117950600.0,-2.898,2023,11,2,4
2023-11-24 00:00:00,235.45,65125200.0,0.529,2023,11,4,4
2023-11-27 00:00:00,236.08,112031800.0,0.268,2023,11,0,4
2023-11-28 00:00:00,246.72,148549900.0,4.507,2023,11,1,4
2023-11-29 00:00:00,244.14,135401300.0,-1.046,2023,11,2,4
2023-11-30 00:00:00,240.08,132353200.0,-1.663,2023,11,3,4
2023-12-01 00:00:00,238.83,121331700.0,-0.521,2023,12,4,4
2023-12-04 00:00:00,235.58,104099800.0,-1.361,2023,12,0,4
2023-12-05 00:00:00,238.72,137971100.0,1.333,2023,12,1,4
2023-12-06 00:00:00,239.37,126436200.0,0.272,2023,12,2,4
2023-12-07 00:00:00,242.64,107142300.0,1.366,2023,12,3,4
2023-12-08 00:00:00,243.84,103126800.0,0.495,2023,12,4,4
2023-12-11 00:00:00,239.74,97913900.0,-1.681,2023,12,0,4
2023-12-12 00:00:00,237.01,95328300.0,-1.139,2023,12,1,4
2023-12-13 00:00:00,239.29,146286300.0,0.962,2023,12,2,4
2023-12-14 00:00:00,251.05,160829200.0,4.915,2023,12,3,4
2023-12-15 00:00:00,253.5,135932800.0,0.976,2023,12,4,4
2023-12-18 00:00:00,252.08,116416500.0,-0.56,2023,12,0,4
2023-12-19 00:00:00,257.22,106737400.0,2.039,2023,12,1,4
2023-12-20 00:00:00,247.14,125097000.0,-3.919,2023,12,2,4
2023-12-21 00:00:00,254.5,109594200.0,2.978,2023,12,3,4
2023-12-22 00:00:00,252.54,93370100.0,-0.77,2023,12,4,4
2023-12-26 00:00:00,256.61,86892400.0,1.612,2023,12,1,4
2023-12-27 00:00:00,261.44,106494400.0,1.882,2023,12,2,4
2023-12-28 00:00:00,253.18,113619900.0,-3.159,2023,12,3,4
2023-12-29 00:00:00,248.48,100891600.0,-1.856,2023,12,4,4
